City_ID,City,Country,Date,Lat,Lng,Max Temp,Humidity,Cloudiness,Wind Speed
0,Kahului,US,2022-01-05 20:28:52,20.8947,-156.47,80.96,68,20,5.75
1,Hobart,AU,2022-01-05 20:23:54,-42.8794,147.3294,60.03,76,75,4.61
2,Erenhot,CN,2022-01-05 20:28:52,43.6475,111.9767,12.02,54,0,4.68
3,Kieta,PG,2022-01-05 20:28:52,-6.2167,155.6333,79.93,82,86,2.51
4,Hualmay,PE,2022-01-05 20:28:53,-11.0964,-77.6139,74.48,73,33,10.02
5,Avera,US,2022-01-05 20:28:53,33.194,-82.5271,62.11,47,8,11.27
6,Buala,SB,2022-01-05 20:28:54,-8.145,159.5921,80.67,83,99,6.62
7,Ayagoz,KZ,2022-01-05 20:28:54,47.9714,80.4392,22.24,98,100,2.42
8,Nanortalik,GL,2022-01-05 20:28:55,60.1432,-45.2371,22.77,73,100,24.54
9,Betioky,MG,2022-01-05 20:28:55,-23.7167,44.3833,71.89,79,69,2.01
10,Port Alfred,ZA,2022-01-05 20:28:56,-33.5906,26.891,68.92,74,100,9.91
11,Upernavik,GL,2022-01-05 20:28:56,72.7868,-56.1549,-0.6,100,98,8.57
12,Gravdal,NO,2022-01-05 20:28:57,68.1214,13.5031,28.29,43,40,21.85
13,Clyde River,CA,2022-01-05 20:28:57,70.4692,-68.5914,-3.41,70,100,21.9
14,Jamestown,US,2022-01-05 20:28:58,42.097,-79.2353,43.92,65,90,12.66
15,Ushuaia,AR,2022-01-05 20:28:44,-54.8,-68.3,62.22,47,20,29.93
16,Shihezi,CN,2022-01-05 20:28:58,44.3,86.0333,14.77,90,100,2.84
17,Katsuura,JP,2022-01-05 20:28:59,35.1333,140.3,38.19,64,100,10.13
18,Broome,US,2022-01-05 20:28:59,42.2506,-75.833,41.47,67,1,1.99
19,Puerto Ayora,EC,2022-01-05 20:28:59,-0.7393,-90.3518,80.56,79,89,9.84
20,Jijiang,CN,2022-01-05 20:28:59,29.2906,106.2542,51.37,89,100,2.3
21,Cape Town,ZA,2022-01-05 20:29:00,-33.9258,18.4232,68.41,72,0,4.0
22,Barentu,ER,2022-01-05 20:29:00,15.1139,37.5928,67.33,45,43,4.94
23,Kavaratti,IN,2022-01-05 20:29:01,10.5669,72.642,80.33,71,20,6.33
24,Rikitea,PF,2022-01-05 20:29:02,-23.1203,-134.9692,76.59,66,19,5.32
25,Khatanga,RU,2022-01-05 20:29:02,71.9667,102.5,-14.17,100,97,1.16
26,Korla,CN,2022-01-05 20:29:03,41.7597,86.1469,24.13,54,100,3.71
27,Saint George,US,2022-01-05 20:24:04,37.1041,-113.5841,58.32,52,1,0.0
28,Amurzet,RU,2022-01-05 20:29:04,47.6967,131.0981,-4.41,95,100,4.47
29,Luderitz,NA,2022-01-05 20:29:04,-26.6481,15.1594,63.36,76,0,16.2
30,Botwood,CA,2022-01-05 20:29:04,49.1499,-55.3482,27.9,84,98,9.17
31,Punta Arenas,CL,2022-01-05 20:29:05,-53.15,-70.9167,60.91,51,75,34.52
32,Nouadhibou,MR,2022-01-05 20:29:05,20.931,-17.0347,73.38,38,100,6.91
33,Porto Belo,BR,2022-01-05 20:29:06,-27.1578,-48.5531,77.9,93,85,15.17
34,Kapoeta,SS,2022-01-05 20:29:07,4.7717,33.5903,82.96,33,49,3.02
35,Ilulissat,GL,2022-01-05 20:29:07,69.2167,-51.1,30.22,37,75,14.97
36,Hasaki,JP,2022-01-05 20:29:07,35.7333,140.8333,30.6,52,92,9.08
37,Alyangula,AU,2022-01-05 20:29:07,-13.8483,136.4192,84.07,79,100,3.44
38,Gboko,NG,2022-01-05 20:29:08,7.3179,8.9951,83.61,22,13,6.49
39,Mataura,NZ,2022-01-05 20:29:09,-46.1927,168.8643,52.48,81,61,6.22
40,Skjervoy,NO,2022-01-05 20:29:09,70.0311,20.9714,21.38,59,100,28.5
41,Kapaa,US,2022-01-05 20:29:09,22.0752,-159.319,79.2,73,1,1.99
42,Olafsvik,IS,2022-01-05 20:29:10,64.8945,-23.7142,38.59,96,100,28.57
43,Nemuro,JP,2022-01-05 20:29:10,43.3236,145.575,24.67,67,93,18.63
44,Kroya,ID,2022-01-05 20:29:11,-7.6331,109.2461,76.59,79,88,2.17
45,Busselton,AU,2022-01-05 20:29:11,-33.65,115.3333,65.05,78,0,9.28
46,Inuvik,CA,2022-01-05 20:24:51,68.3499,-133.7218,-3.42,80,100,12.8
47,Bathsheba,BB,2022-01-05 20:29:11,13.2167,-59.5167,83.01,61,40,13.8
48,Bandarbeyla,SO,2022-01-05 20:29:12,9.4942,50.8122,77.41,77,54,14.94
49,Sabang,ID,2022-01-05 20:30:12,5.8933,95.3214,81.54,77,100,15.59
50,Atuona,PF,2022-01-05 20:30:13,-9.8,-139.0333,78.64,72,67,15.82
51,Yenagoa,NG,2022-01-05 20:30:13,4.9247,6.2642,80.64,71,24,4.18
52,Meridian,US,2022-01-05 20:27:52,43.6121,-116.3915,39.85,89,75,5.99
53,Albany,US,2022-01-05 20:30:01,42.6001,-73.9662,43.38,79,100,1.01
54,Bethel,US,2022-01-05 20:30:14,41.3712,-73.414,44.51,91,90,4.61
55,Brae,GB,2022-01-05 20:30:14,60.3964,-1.353,37.31,59,94,9.24
56,Kavos,GR,2022-01-05 20:30:15,38.8268,22.8322,60.03,71,5,4.25
57,Half Moon Bay,US,2022-01-05 20:30:15,37.4636,-122.4286,64.8,87,90,1.01
58,Vaini,TO,2022-01-05 20:30:16,-21.2,-175.2,80.76,89,75,9.22
59,Avarua,CK,2022-01-05 20:30:16,-21.2078,-159.775,80.65,83,20,5.75
60,Beloha,MG,2022-01-05 20:30:17,-25.1667,45.05,73.81,93,81,8.77
61,Alice Springs,AU,2022-01-05 20:30:12,-23.7,133.8833,67.55,37,0,6.91
62,Palmer,US,2022-01-05 20:30:17,42.1584,-72.3287,45.37,88,90,3.0
63,Kutum,SD,2022-01-05 20:30:18,14.2,24.6667,61.3,27,5,6.87
64,Tasiilaq,GL,2022-01-05 20:30:18,65.6145,-37.6368,28.56,88,100,17.22
65,Longyearbyen,SJ,2022-01-05 20:30:19,78.2186,15.6401,6.64,66,40,11.5
66,Lumeje,AO,2022-01-05 20:30:19,-11.55,20.7833,65.46,96,98,5.23
67,Castro,BR,2022-01-05 20:30:20,-24.7911,-50.0119,74.79,75,73,3.09
68,Bluff,NZ,2022-01-05 20:30:21,-46.6,168.3333,52.81,62,98,15.43
69,Anori,BR,2022-01-05 20:30:21,-3.7728,-61.6442,86.92,64,99,1.23
70,New Norfolk,AU,2022-01-05 20:30:21,-42.7826,147.0587,59.67,65,100,1.01
71,Nikolskoye,RU,2022-01-05 20:30:22,59.7035,30.7861,33.87,81,100,8.08
72,Saint-Pierre,RE,2022-01-05 20:30:22,-21.3393,55.4781,78.48,69,0,1.14
73,Kawalu,ID,2022-01-05 20:30:23,-7.3817,108.2082,70.97,94,82,1.83
74,Kippen,GB,2022-01-05 20:30:24,56.1268,-4.1709,35.01,81,23,1.7
75,East London,ZA,2022-01-05 20:30:24,-33.0153,27.9116,68.83,83,100,8.61
76,Enid,US,2022-01-05 20:30:25,36.3956,-97.8784,38.88,37,1,5.01
77,Qaanaaq,GL,2022-01-05 20:30:25,77.484,-69.3632,-2.09,56,0,8.01
78,Pevek,RU,2022-01-05 20:30:26,69.7008,170.3133,-1.88,98,51,3.62
79,Dicabisagan,PH,2022-01-05 20:30:26,17.0818,122.4157,72.21,83,91,2.89
80,Hermanus,ZA,2022-01-05 20:30:27,-34.4187,19.2345,66.79,73,53,13.15
81,Butaritari,KI,2022-01-05 20:30:27,3.0707,172.7902,81.63,75,100,13.96
82,Cidreira,BR,2022-01-05 20:30:28,-30.1811,-50.2056,72.14,86,100,19.55
83,Victoria,HK,2022-01-05 20:30:07,22.2855,114.1577,67.95,89,0,3.0
84,Hilo,US,2022-01-05 20:30:28,19.7297,-155.09,79.79,79,20,4.61
85,Jega,NG,2022-01-05 20:30:29,12.2175,4.3792,75.34,27,34,9.13
86,Gloversville,US,2022-01-05 20:27:06,43.0528,-74.3438,40.35,90,100,8.39
87,Grande Prairie,CA,2022-01-05 20:25:59,55.1667,-118.8027,-22.11,93,100,3.33
88,Hambantota,LK,2022-01-05 20:30:30,6.1241,81.1185,75.31,86,100,12.59
89,Praia Da Vitoria,PT,2022-01-05 20:30:30,38.7333,-27.0667,62.85,88,20,6.69
90,Bilma,NE,2022-01-05 20:30:31,18.6853,12.9164,64.15,29,12,6.98
91,Great Yarmouth,GB,2022-01-05 20:30:31,52.6083,1.7305,36.45,80,68,15.55
92,Bambous Virieux,MU,2022-01-05 20:30:32,-20.3428,57.7575,78.22,88,40,4.61
93,Gondar,ET,2022-01-05 20:31:32,12.6,37.4667,57.25,49,97,3.38
94,Atasu,KZ,2022-01-05 20:31:33,48.6814,71.6433,10.09,93,100,4.03
95,Beringovskiy,RU,2022-01-05 20:31:34,63.05,179.3167,-1.1,98,50,8.63
96,Roma,US,2022-01-05 20:31:34,43.2128,-75.4557,42.66,65,90,8.05
97,Saint-Philippe,RE,2022-01-05 20:31:34,-21.3585,55.7679,78.39,82,99,8.95
98,Provideniya,RU,2022-01-05 20:31:35,64.3833,-173.3,15.12,46,13,7.92
99,Grand Gaube,MU,2022-01-05 20:31:35,-20.0064,57.6608,78.39,77,79,3.0
100,Ponta Do Sol,PT,2022-01-05 20:31:36,32.6667,-17.1,63.23,66,5,6.87
101,Narsaq,GL,2022-01-05 20:31:36,60.9167,-46.05,25.02,84,100,5.35
102,Makakilo City,US,2022-01-05 20:31:37,21.3469,-158.0858,78.01,75,1,0.0
103,Zvishavane,ZW,2022-01-05 20:31:37,-20.3267,30.0665,73.22,74,100,3.94
104,Hithadhoo,MV,2022-01-05 20:31:38,-0.6,73.0833,81.59,76,98,11.48
105,Tanhacu,BR,2022-01-05 20:31:39,-14.0214,-41.2481,73.76,81,100,4.36
106,Mar Del Plata,AR,2022-01-05 20:30:36,-38.0023,-57.5575,68.02,73,0,8.99
107,Diego De Almagro,CL,2022-01-05 20:31:39,-26.3667,-70.05,78.12,26,0,13.58
108,Wajima,JP,2022-01-05 20:31:40,37.4,136.9,36.43,59,100,5.73
109,Jamsa,FI,2022-01-05 20:31:40,61.8642,25.19,26.35,97,100,2.35
110,Comodoro Rivadavia,AR,2022-01-05 20:31:08,-45.8667,-67.5,75.06,29,0,21.85
111,Severo-Yeniseyskiy,RU,2022-01-05 20:31:41,60.3725,93.0408,4.6,94,100,7.27
112,Port Hedland,AU,2022-01-05 20:31:42,-20.3167,118.5667,80.65,74,77,3.44
113,Oistins,BB,2022-01-05 20:31:42,13.0667,-59.5333,82.49,61,40,13.8
114,Semey,KZ,2022-01-05 20:31:42,50.4111,80.2275,10.62,92,75,4.47
115,Kiama,AU,2022-01-05 20:31:43,-34.6833,150.8667,73.58,93,74,10.0
116,San Vicente,AR,2022-01-05 20:31:44,-26.6167,-54.1333,73.15,77,67,6.58
117,Lom Sak,TH,2022-01-05 20:31:44,16.7798,101.2422,66.27,61,60,3.24
118,Palana,RU,2022-01-05 20:31:45,59.1167,159.9667,12.94,83,9,9.24
119,Clifton,US,2022-01-05 20:27:55,40.8584,-74.1638,47.66,89,75,1.01
120,Freeport,US,2022-01-05 20:27:52,40.6576,-73.5832,48.22,87,90,7.0
121,Santa Maria,BR,2022-01-05 20:29:09,-29.6842,-53.8069,78.1,65,75,10.36
122,Chokurdakh,RU,2022-01-05 20:31:45,70.6333,147.9167,-14.01,99,100,1.43
123,Ahipara,NZ,2022-01-05 20:31:46,-35.1667,173.1667,70.63,70,100,10.85
124,Udachnyy,RU,2022-01-05 20:31:46,66.4167,112.4,-11.56,75,100,11.72
125,Diapaga,BF,2022-01-05 20:31:47,12.0708,1.7889,76.12,22,28,6.67
126,Dakar,SN,2022-01-05 20:31:47,14.6937,-17.4441,79.68,64,0,4.61
127,Coquimbo,CL,2022-01-05 20:31:23,-29.9533,-71.3436,67.73,68,75,11.5
128,Muros,ES,2022-01-05 20:31:48,42.7762,-9.0603,53.83,94,45,8.77
129,Kirakira,SB,2022-01-05 20:31:48,-10.4544,161.9205,82.15,80,99,6.76
130,Kruisfontein,ZA,2022-01-05 20:31:49,-34.0033,24.7314,63.88,73,100,9.22
131,Santa Cruz De La Palma,ES,2022-01-05 20:31:49,28.6835,-17.7642,66.34,63,75,13.8
132,Faanui,PF,2022-01-05 20:31:50,-16.4833,-151.75,80.4,71,1,1.9
133,Lompoc,US,2022-01-05 20:31:50,34.6391,-120.4579,73.78,56,1,12.66
134,Mahebourg,MU,2022-01-05 20:32:51,-20.4081,57.7,78.26,88,40,4.61
135,Vostok,RU,2022-01-05 20:32:51,46.4856,135.8833,-15.43,91,100,3.11
136,Cabedelo,BR,2022-01-05 20:32:52,-6.9811,-34.8339,79.47,73,81,11.05
137,College,US,2022-01-05 20:32:52,64.8569,-147.8028,-31.05,69,1,0.0
138,Baton Rouge,US,2022-01-05 20:32:53,30.4508,-91.1545,71.46,59,90,0.0
139,Khatassy,RU,2022-01-05 20:32:17,61.9036,129.6383,-50.03,100,64,0.49
140,Tuktoyaktuk,CA,2022-01-05 20:32:54,69.4541,-133.0374,3.78,90,100,24.38
141,Saskylakh,RU,2022-01-05 20:32:54,71.9167,114.0833,-19.35,92,100,18.99
142,Ambon,ID,2022-01-05 20:32:55,-3.6954,128.1814,77.14,94,40,8.05
143,Torbay,CA,2022-01-05 20:32:55,47.6666,-52.7314,30.27,80,98,1.01
144,Bilibino,RU,2022-01-05 20:32:56,68.0546,166.4372,-5.37,92,50,3.47
145,Kudahuvadhoo,MV,2022-01-05 20:32:56,2.6708,72.8944,81.7,78,87,12.91
146,Santa Isabel Do Rio Negro,BR,2022-01-05 20:32:57,-0.4139,-65.0192,87.24,54,99,2.26
147,Komsomolskiy,UZ,2022-01-05 20:32:57,40.4272,71.7189,36.82,86,90,2.3
148,Ulaangom,MN,2022-01-05 20:32:57,49.9811,92.0667,-16.89,86,43,2.8
149,Airai,TL,2022-01-05 20:32:58,-8.9266,125.4092,60.78,92,100,1.12
150,Paamiut,GL,2022-01-05 20:32:58,61.994,-49.6678,15.78,84,82,8.7
151,Xai-Xai,MZ,2022-01-05 20:32:59,-25.0519,33.6442,77.7,71,9,9.44
152,Srednekolymsk,RU,2022-01-05 20:32:59,67.45,153.6833,-20.09,99,100,4.29
153,Dukat,RU,2022-01-05 20:32:12,62.55,155.55,1.38,100,99,0.51
154,Pochutla,MX,2022-01-05 20:33:00,15.7432,-96.4661,84.02,51,0,8.41
155,Sorong,ID,2022-01-05 20:33:00,-0.8833,131.25,79.93,77,86,7.16
156,Nathdwara,IN,2022-01-05 20:33:01,24.9333,73.8167,57.7,95,76,3.94
157,Baoding,CN,2022-01-05 20:33:02,38.8511,115.4903,27.45,55,70,0.78
158,Shar,KZ,2022-01-05 20:33:02,49.5886,81.0453,8.62,99,99,3.87
159,De-Kastri,RU,2022-01-05 20:33:03,51.4667,140.7833,-11.36,93,11,5.97
160,Mandalgovi,MN,2022-01-05 20:33:03,45.7625,106.2708,11.59,48,0,7.49
161,Rock Springs,US,2022-01-05 20:32:26,41.5875,-109.2029,38.05,78,90,10.0
162,Yellowknife,CA,2022-01-05 20:30:06,62.456,-114.3525,-27.58,88,49,6.53
163,Vestmanna,FO,2022-01-05 20:33:04,62.1564,-7.1664,31.12,69,90,6.91
164,Naze,JP,2022-01-05 20:33:05,28.3667,129.4833,65.01,85,100,18.01
165,Dikson,RU,2022-01-05 20:33:05,73.5069,80.5464,-8.95,95,100,13.96
166,Westport,US,2022-01-05 20:30:15,41.1415,-73.3579,46.8,96,90,5.01
167,Ciudad Guayana,VE,2022-01-05 20:33:06,8.3533,-62.6528,86.52,57,71,9.86
168,Arman,RU,2022-01-05 20:33:06,59.7,150.1667,14.5,90,48,10.71
169,Aklavik,CA,2022-01-05 20:33:06,68.2191,-135.0107,0.36,82,100,5.53
170,Vitim,RU,2022-01-05 20:33:07,59.4511,112.5578,12.56,96,100,4.7
171,Norman Wells,CA,2022-01-05 20:33:07,65.282,-126.8329,-25.35,94,42,3.94
172,Yar-Sale,RU,2022-01-05 20:33:08,66.8333,70.8333,-19.66,91,100,7.65
173,Georgetown,MY,2022-01-05 20:30:17,5.4112,100.3354,79.9,81,20,0.0
174,Souillac,MU,2022-01-05 20:33:09,-20.5167,57.5167,78.37,88,40,4.61
175,Esperance,AU,2022-01-05 20:33:09,-33.8667,121.9,57.04,82,0,11.9
176,Barrow,US,2022-01-05 20:29:13,71.2906,-156.7887,12.22,92,90,10.36
177,Galle,LK,2022-01-05 20:30:59,6.0367,80.217,75.7,86,86,3.4
178,Port-Gentil,GA,2022-01-05 20:33:10,-0.7193,8.7815,80.56,89,40,9.22
179,Middelkerke,BE,2022-01-05 20:33:10,51.1558,2.8418,44.1,78,75,17.27
180,Waipawa,NZ,2022-01-05 20:33:11,-41.4122,175.5153,61.45,86,99,9.75
181,Yumen,CN,2022-01-05 20:33:12,40.2833,97.2,16.05,54,92,11.88
182,Evensk,RU,2022-01-05 20:33:12,61.95,159.2333,15.1,77,96,11.72
183,Ouegoa,NC,2022-01-05 20:33:13,-20.35,164.4333,82.47,76,94,5.88
184,Taganak,PH,2022-01-05 20:34:14,6.0833,118.3,77.14,84,100,6.31
185,Mount Gambier,AU,2022-01-05 20:34:14,-37.8333,140.7667,62.51,94,90,5.75
186,Geraldton,AU,2022-01-05 20:30:56,-28.7667,114.6,72.01,83,2,14.97
187,Borogontsy,RU,2022-01-05 20:34:15,62.6683,131.1683,-50.93,100,59,1.16
188,Jalu,LY,2022-01-05 20:34:15,29.0331,21.5482,57.45,42,0,9.89
189,Saint Anthony,US,2022-01-05 20:34:16,45.0205,-93.218,11.66,76,90,7.0
190,Shingu,JP,2022-01-05 20:34:16,33.7333,135.9833,41.92,70,100,4.7
191,Dumas,US,2022-01-05 20:34:16,35.8656,-101.9732,48.04,36,1,14.97
192,Erzin,TR,2022-01-05 20:34:17,36.9559,36.2,52.32,83,95,1.14
193,Yulara,AU,2022-01-05 20:34:17,-25.2406,130.9889,71.44,35,0,6.91
194,Port Elizabeth,ZA,2022-01-05 20:34:17,-33.918,25.5701,66.49,72,75,6.91
195,Thompson,CA,2022-01-05 20:30:07,55.7435,-97.8558,-10.82,91,100,5.97
196,San Carlos De Bariloche,AR,2022-01-05 20:30:27,-41.1456,-71.3082,80.35,12,75,10.36
197,Mongoumba,CF,2022-01-05 20:34:18,3.6415,18.5936,76.46,41,96,2.62
198,Padang,ID,2022-01-05 20:34:19,-0.9492,100.3543,76.57,85,99,4.23
199,Kamaishi,JP,2022-01-05 20:34:19,39.2667,141.8833,27.12,79,71,5.7
200,Saldanha,ZA,2022-01-05 20:34:20,-33.0117,17.9442,62.65,83,52,15.97
201,Bonavista,CA,2022-01-05 20:34:20,48.6499,-53.1147,31.12,73,87,22.01
202,Bredasdorp,ZA,2022-01-05 20:34:20,-34.5322,20.0403,65.52,68,10,8.05
203,Taboga,IT,2022-01-05 20:34:21,46.2663,13.1092,41.88,88,100,11.1
204,Lagoa,PT,2022-01-05 20:34:22,39.05,-27.9833,61.97,90,59,15.61
205,Huarmey,PE,2022-01-05 20:34:22,-10.0681,-78.1522,74.14,75,18,10.67
206,Hobyo,SO,2022-01-05 20:34:23,5.3505,48.5268,77.85,77,15,12.73
207,Alofi,NU,2022-01-05 20:34:23,-19.0595,-169.9187,84.09,74,75,5.75
208,Mwense,ZM,2022-01-05 20:34:24,-10.3845,28.698,66.11,97,99,1.05
209,San Antonio,US,2022-01-05 20:32:46,29.4241,-98.4936,80.47,26,1,1.01
210,Namatanai,PG,2022-01-05 20:34:25,-3.6667,152.4333,80.26,80,100,3.94
211,Katete,UG,2022-01-05 20:34:25,-0.7818,29.7544,62.15,75,39,4.07
212,Sinegorye,RU,2022-01-05 20:34:26,62.0788,150.477,-7.37,100,95,1.9
213,Lebu,CL,2022-01-05 20:34:26,-37.6167,-73.65,61.0,70,0,15.88
214,Ozernovskiy,RU,2022-01-05 20:34:27,51.5,156.5167,30.92,74,100,17.34
215,Vanimo,PG,2022-01-05 20:34:27,-2.6741,141.3028,77.47,89,100,6.6
216,Quelimane,MZ,2022-01-05 20:34:28,-17.8786,36.8883,82.35,78,75,3.44
217,Sayyan,YE,2022-01-05 20:34:28,15.1718,44.3244,54.39,70,69,3.56
218,Kodiak,US,2022-01-05 20:34:28,57.79,-152.4072,33.31,80,90,19.57
219,Smithers,CA,2022-01-05 20:34:29,54.7804,-127.1743,-4.9,83,77,3.04
220,Mount Isa,AU,2022-01-05 20:34:29,-20.7333,139.5,78.57,19,0,5.75
221,Guerrero Negro,MX,2022-01-05 20:34:30,27.9769,-114.0611,67.12,37,5,11.79
222,Port Lincoln,AU,2022-01-05 20:34:30,-34.7333,135.8667,61.65,83,100,17.56
223,Huilong,CN,2022-01-05 20:34:30,31.8111,121.655,46.04,67,100,14.83
224,Talcahuano,CL,2022-01-05 20:34:31,-36.7167,-73.1167,71.28,53,0,11.5
225,Ust-Maya,RU,2022-01-05 20:33:16,60.4167,134.5333,-52.49,100,72,0.98
226,Tessalit,ML,2022-01-05 20:34:32,20.1986,1.0114,65.5,21,0,5.26
227,Viedma,AR,2022-01-05 20:34:32,-40.8135,-62.9967,84.07,17,26,13.94
228,Tura,IN,2022-01-05 20:35:32,25.5198,90.2201,56.61,72,16,3.13
229,Antofagasta,CL,2022-01-05 20:31:31,-23.65,-70.4,74.21,58,3,7.49
230,Kuala Lipis,MY,2022-01-05 20:35:33,4.1842,102.0468,70.48,99,58,0.92
231,Pisco,PE,2022-01-05 20:35:34,-13.7,-76.2167,77.05,65,0,17.27
232,Mayo,US,2022-01-05 20:35:34,38.8876,-76.5119,43.95,85,100,1.99
233,Santa Marta,CO,2022-01-05 20:35:35,11.2408,-74.199,86.9,57,15,11.99
234,Sumenep,ID,2022-01-05 20:35:35,-7.0167,113.8667,77.74,84,100,3.49
235,Taoudenni,ML,2022-01-05 20:35:36,22.6783,-3.9836,67.77,19,0,7.36
236,Adrar,MR,2022-01-05 20:35:36,20.5022,-10.0711,64.11,20,100,8.1
237,Portland,US,2022-01-05 20:32:12,45.5234,-122.6762,43.9,94,90,1.01
238,Zhigansk,RU,2022-01-05 20:35:37,66.7697,123.3711,-49.0,99,63,8.14
239,Edmundston,CA,2022-01-05 20:35:37,47.3737,-68.3251,30.29,79,1,0.0
240,Natitingou,BJ,2022-01-05 20:35:38,10.3042,1.3796,76.35,24,47,5.79
241,Haines Junction,CA,2022-01-05 20:35:39,60.7522,-137.5108,-30.68,99,93,0.25
242,Acarau,BR,2022-01-05 20:31:10,-2.8856,-40.12,80.96,74,98,13.78
243,Carsamba,TR,2022-01-05 20:35:39,41.1989,36.7219,40.75,87,0,3.44
244,Barabash,RU,2022-01-05 20:33:15,43.2,131.4833,-4.32,70,100,2.82
245,Codrington,AU,2022-01-05 20:35:40,-38.2667,141.9667,63.9,93,95,12.17
246,Damghan,IR,2022-01-05 20:35:40,36.1683,54.348,34.77,70,76,6.53
247,Carnarvon,AU,2022-01-05 20:35:41,-24.8667,113.6333,82.47,57,40,14.97
248,Benguela,AO,2022-01-05 20:35:41,-12.5763,13.4055,76.28,84,84,5.73
249,Cockburn Town,TC,2022-01-05 20:35:42,21.4612,-71.1419,79.03,71,2,14.12
250,Saint-Leu,RE,2022-01-05 20:35:42,-21.15,55.2833,77.86,79,100,0.63
251,Puerto Del Rosario,ES,2022-01-05 20:35:42,28.5004,-13.8627,65.95,59,75,23.02
252,Tuensang,IN,2022-01-05 20:35:43,26.2833,94.8333,50.49,87,96,3.04
253,Nome,US,2022-01-05 20:35:43,64.5011,-165.4064,11.1,61,1,0.0
254,Arraial Do Cabo,BR,2022-01-05 20:35:43,-22.9661,-42.0278,82.36,69,40,9.22
255,Atherton,GB,2022-01-05 20:35:44,53.5237,-2.4935,36.12,81,0,2.44
256,Aktash,RU,2022-01-05 20:35:44,50.3,87.7333,1.38,91,86,4.12
257,Kamyshin,RU,2022-01-05 20:35:44,50.0983,45.416,28.81,96,100,15.68
258,Morondava,MG,2022-01-05 20:35:45,-20.2833,44.2833,77.05,89,97,8.97
259,Halifax,CA,2022-01-05 20:32:21,44.6453,-63.5724,43.41,87,100,8.01
260,Qaqortoq,GL,2022-01-05 20:35:45,60.7167,-46.0333,25.3,74,100,17.94
261,Port Moresby,PG,2022-01-05 20:35:46,-9.4431,147.1797,72.82,94,90,11.5
262,Stephenville,US,2022-01-05 20:33:03,32.2207,-98.2023,61.68,35,1,12.66
263,Ancud,CL,2022-01-05 20:35:46,-41.8697,-73.8203,74.23,69,38,5.32
264,Ambilobe,MG,2022-01-05 20:35:47,-13.2,49.05,73.27,91,100,2.3
265,Bambanglipuro,ID,2022-01-05 20:35:47,-7.95,110.2833,74.12,79,96,2.64
266,Natal,BR,2022-01-05 20:35:47,-5.795,-35.2094,83.05,78,75,11.5
267,Lethem,GY,2022-01-05 20:35:48,3.3803,-59.7968,91.8,31,98,12.01
268,Misratah,LY,2022-01-05 20:35:49,32.3754,15.0925,62.85,39,5,8.16
269,Lorengau,PG,2022-01-05 20:35:49,-2.0226,147.2712,81.12,80,68,14.05
270,Santa Lucia,ES,2022-01-05 20:35:50,27.9117,-15.5407,58.32,55,75,19.57
271,Teya,RU,2022-01-05 20:35:50,60.3778,92.6267,5.81,95,100,5.57
272,Auki,SB,2022-01-05 20:35:50,-8.7676,160.7034,80.67,85,100,7.43
273,Ixtapa,MX,2022-01-05 20:35:51,20.7,-105.2,78.03,65,40,9.22
274,Salalah,OM,2022-01-05 20:35:52,17.0151,54.0924,75.29,27,0,16.11
275,Chake Chake,TZ,2022-01-05 20:35:52,-5.2459,39.7666,79.75,82,65,8.37
276,Ngunguru,NZ,2022-01-05 20:36:53,-35.6167,174.5,71.17,69,100,11.16
277,Port Hardy,CA,2022-01-05 20:36:20,50.6996,-127.4199,34.75,77,100,14.5
278,Concepcion Del Oro,MX,2022-01-05 20:36:54,24.6333,-101.4167,69.31,15,0,6.13
279,Brattvag,NO,2022-01-05 20:36:54,62.6002,6.4434,34.7,93,40,11.5
280,Inhambane,MZ,2022-01-05 20:36:55,-23.865,35.3833,77.76,76,87,7.94
281,Labuhan,ID,2022-01-05 20:36:55,-6.8844,112.2051,76.8,82,90,7.36
282,Bengkulu,ID,2022-01-05 20:36:56,-3.8004,102.2655,74.66,91,93,3.89
283,Fortuna,US,2022-01-05 20:36:57,40.5982,-124.1573,59.94,86,90,4.0
284,Bodo,NO,2022-01-05 20:36:57,67.28,14.405,30.78,50,40,19.57
285,Barahona,DO,2022-01-05 20:36:57,18.2085,-71.1008,85.82,58,20,11.5
286,Scicli,IT,2022-01-05 20:36:58,36.7902,14.7014,54.1,87,0,9.15
287,Nyrob,RU,2022-01-05 20:36:58,60.733,56.7202,-26.05,100,100,3.47
288,Mehamn,NO,2022-01-05 20:36:59,71.0357,27.8492,15.98,85,75,6.91
289,Anadyr,RU,2022-01-05 20:36:59,64.75,177.4833,1.9,84,20,4.0
290,Agadez,NE,2022-01-05 20:37:00,19.75,10.25,61.11,31,0,7.02
291,Christchurch,NZ,2022-01-05 20:34:13,-43.5333,172.6333,61.92,74,75,3.0
292,Pipraich,IN,2022-01-05 20:37:00,26.8264,83.53,61.32,58,96,5.93
293,Elbistan,TR,2022-01-05 20:37:01,38.2059,37.1983,29.23,84,25,1.45
294,Mathbaria,BD,2022-01-05 20:37:01,22.2876,89.9593,59.27,58,0,5.44
295,Tungor,RU,2022-01-05 20:37:02,53.3808,142.9564,-12.96,84,31,9.31
296,Tiksi,RU,2022-01-05 20:37:02,71.6872,128.8694,-34.35,96,38,4.99
297,Mattru,SL,2022-01-05 20:37:03,7.6244,-11.8332,78.46,78,34,4.34
298,Finnsnes,NO,2022-01-05 20:37:04,69.2296,17.9811,25.41,92,100,19.26
299,Kaitangata,NZ,2022-01-05 20:37:04,-46.2817,169.8464,52.93,73,73,12.95
300,Kibiti,TZ,2022-01-05 20:37:05,-7.7218,38.9375,74.68,88,90,6.58
301,Zhezkazgan,KZ,2022-01-05 20:37:05,47.8043,67.7144,18.77,94,100,5.93
302,Salmas,IR,2022-01-05 20:37:06,38.1973,44.7653,25.79,63,2,4.29
303,Nioki,CD,2022-01-05 20:37:07,-2.7167,17.6833,74.05,79,100,2.1
304,Nishihara,JP,2022-01-05 20:37:07,26.1842,127.7558,67.28,88,90,5.75
305,Sabha,LY,2022-01-05 20:37:07,27.0377,14.4283,55.78,40,23,9.4
306,Ribeira Grande,PT,2022-01-05 20:37:08,38.5167,-28.7,63.0,94,75,10.36
307,Porto Novo,BJ,2022-01-05 20:37:08,6.4965,2.6036,84.02,66,6,5.99
308,Bonthe,SL,2022-01-05 20:37:09,7.5264,-12.505,81.09,76,66,6.87
309,Caxito,AO,2022-01-05 20:37:09,-8.5785,13.6643,79.45,87,100,0.85
310,Campeche,MX,2022-01-05 20:37:10,19.0,-90.5,80.51,62,99,3.11
311,Yaan,NG,2022-01-05 20:37:11,7.3833,8.5667,82.67,23,35,5.5
312,Gornopravdinsk,RU,2022-01-05 20:37:11,60.05,69.9,-18.29,100,39,2.82
313,Virginia Beach,US,2022-01-05 20:36:50,36.8529,-75.978,52.02,94,100,8.5
314,Prado,BR,2022-01-05 20:35:09,-17.3411,-39.2208,78.1,81,100,12.17
315,Pangai,TO,2022-01-05 20:37:12,-19.8,-174.35,80.71,78,75,9.22
316,Changji,CN,2022-01-05 20:37:13,44.0167,87.3167,18.39,86,100,4.47
317,Verkhnyaya Inta,RU,2022-01-05 20:37:13,65.9811,60.3094,-27.49,99,54,6.15
318,Xacmaz,AZ,2022-01-05 20:37:14,41.4635,48.806,40.91,85,29,5.61
319,Voyvozh,RU,2022-01-05 20:37:14,62.892,54.9635,-18.35,97,49,6.69
320,Kita,ML,2022-01-05 20:37:14,13.0349,-9.4895,76.19,18,67,5.39
321,Deputatskiy,RU,2022-01-05 20:38:15,69.3,139.9,-31.9,95,96,2.01
322,Kalas,IN,2022-01-05 20:38:16,18.1667,74.8,67.62,49,42,8.1
323,Morant Bay,JM,2022-01-05 20:38:16,17.8815,-76.4093,85.62,60,4,9.6
324,Coihaique,CL,2022-01-05 20:38:17,-45.5752,-72.0662,73.35,46,20,9.22
325,Talaja,IN,2022-01-05 20:38:17,21.35,72.05,71.47,62,30,8.08
326,Taltal,CL,2022-01-05 20:38:18,-25.4,-70.4833,68.5,73,24,4.12
327,Goderich,CA,2022-01-05 20:36:20,43.7501,-81.7165,33.21,83,100,31.79
328,Maarianhamina,AX,2022-01-05 20:38:18,60.0973,19.9348,30.06,100,75,11.5
329,Corralillo,CU,2022-01-05 20:38:19,22.9819,-80.5856,76.75,70,56,7.72
330,Thaba-Tseka,LS,2022-01-05 20:38:19,-29.522,28.6084,56.97,69,70,5.08
331,Batemans Bay,AU,2022-01-05 20:38:20,-35.7167,150.1833,73.2,95,100,4.03
332,Vardo,NO,2022-01-05 20:38:21,70.3705,31.1107,17.58,93,75,14.97
333,Cap Malheureux,MU,2022-01-05 20:38:21,-19.9842,57.6142,78.48,77,77,1.01
334,Sinnamary,GF,2022-01-05 20:38:22,5.3833,-52.95,77.25,86,73,8.68
335,Sao Filipe,CV,2022-01-05 20:38:22,14.8961,-24.4956,74.79,65,65,5.73
336,Husavik,IS,2022-01-05 20:38:23,66.0449,-17.3389,37.31,70,100,17.02
337,Vila Velha,BR,2022-01-05 20:34:16,-20.3297,-40.2925,82.35,80,20,15.99
338,Sakakah,SA,2022-01-05 20:38:23,29.9697,40.2064,49.57,62,0,4.29
339,Nikolo-Pavlovskoye,RU,2022-01-05 20:38:24,57.7831,60.0578,-10.48,98,37,3.51
340,Chuy,UY,2022-01-05 20:38:24,-33.6971,-53.4616,70.16,52,0,15.7
341,Sao Gabriel Da Cachoeira,BR,2022-01-05 20:38:25,-0.1303,-67.0892,78.75,80,100,2.01
342,Kalmunai,LK,2022-01-05 20:38:25,7.4167,81.8167,75.51,90,90,8.68
343,Kuching,MY,2022-01-05 20:38:26,1.55,110.3333,73.62,94,20,2.3
344,La Ronge,CA,2022-01-05 20:38:27,55.1001,-105.2842,-16.1,91,100,8.25
345,Matara,LK,2022-01-05 20:38:27,5.9485,80.5353,74.28,90,73,4.03
346,Aitape,PG,2022-01-05 20:38:27,-3.1374,142.3475,77.4,89,100,5.55
347,San Carlos Del Zulia,VE,2022-01-05 20:38:28,9.0,-71.9135,83.84,61,57,9.73
348,Black River,JM,2022-01-05 20:38:29,18.0264,-77.8487,82.98,54,5,7.18
349,Severo-Kurilsk,RU,2022-01-05 20:38:29,50.6789,156.125,32.36,83,100,33.58
350,Burnie,AU,2022-01-05 20:38:30,-41.0667,145.9167,60.93,89,98,21.79
351,Badiraguato,MX,2022-01-05 20:38:31,25.3667,-107.5167,81.7,21,0,4.36
352,Zemio,CF,2022-01-05 20:38:31,5.0314,25.1361,71.02,40,99,1.25
353,Sola,VU,2022-01-05 20:38:32,-13.8833,167.55,81.97,72,95,14.29
354,Cortez,US,2022-01-05 20:38:32,37.3489,-108.5859,43.52,41,1,6.91
355,Maraba,BR,2022-01-05 20:38:33,-5.3686,-49.1178,87.98,66,20,5.75
356,Leopold,AU,2022-01-05 20:38:34,-38.1833,144.4667,70.18,88,90,7.0
357,Dutse,NG,2022-01-05 20:38:34,11.7594,9.3392,69.15,32,33,6.82
358,Iqaluit,CA,2022-01-05 20:38:35,63.7506,-68.5145,-5.1,96,100,17.92
359,Beihai,CN,2022-01-05 20:38:35,21.4833,109.1,65.35,91,0,7.65
360,Avila,ES,2022-01-05 20:38:36,40.5833,-5.0,39.65,98,100,7.36
361,Abu Zabad,SD,2022-01-05 20:38:36,12.35,29.25,66.76,25,3,10.58
362,San Quintin,MX,2022-01-05 20:38:37,30.4833,-115.95,63.1,63,0,8.03
363,Samarai,PG,2022-01-05 20:38:37,-10.6167,150.6667,81.99,80,99,12.17
364,Anito,PH,2022-01-05 20:38:38,12.4497,125.2886,77.52,68,100,7.58
365,San Patricio,US,2022-01-05 20:38:38,28.017,-97.5169,83.07,34,0,4.88
366,Sioux Lookout,CA,2022-01-05 20:37:50,50.1001,-91.917,-2.87,85,100,7.65
367,Vega De Alatorre,MX,2022-01-05 20:39:39,20.0333,-96.6333,75.79,71,17,9.24
368,Fuerte Olimpo,PY,2022-01-05 20:39:39,-21.0415,-57.8738,85.32,56,35,5.64
369,Belyy Yar,RU,2022-01-05 20:39:40,53.6039,91.3903,13.89,84,40,0.0
370,Rudnogorsk,RU,2022-01-05 20:39:40,57.2639,103.7519,11.1,95,100,3.51
371,Bima,ID,2022-01-05 20:39:41,-8.4667,118.7167,74.91,92,100,2.01
372,Honavar,IN,2022-01-05 20:39:41,14.2833,74.45,71.06,78,57,4.38
373,Ulladulla,AU,2022-01-05 20:39:41,-35.35,150.4667,72.77,92,100,8.32
374,Havoysund,NO,2022-01-05 20:39:42,70.9963,24.6622,16.68,87,100,7.43
375,Solnechnyy,RU,2022-01-05 20:39:42,50.7214,136.6319,-18.58,94,52,3.42
376,Kharp,RU,2022-01-05 20:39:42,66.8014,65.8081,-22.16,86,5,13.91
377,Olga,RU,2022-01-05 20:39:43,43.7444,135.2892,6.03,47,25,5.06
378,Kumluca,TR,2022-01-05 20:39:43,36.3703,30.2869,57.67,80,72,1.86
379,Magadan,RU,2022-01-05 20:39:43,59.5667,150.8,20.37,85,65,15.37
380,San Cristobal,VE,2022-01-05 20:39:44,7.7669,-72.225,78.98,36,10,3.94
381,Dossor,KZ,2022-01-05 20:39:44,47.5272,52.9811,24.64,89,18,6.67
382,Presidente Olegario,BR,2022-01-05 20:39:44,-18.4178,-46.4181,77.2,93,82,4.5
383,Tual,ID,2022-01-05 20:39:45,-5.6667,132.75,83.07,76,94,21.45
384,Kjollefjord,NO,2022-01-05 20:39:45,70.9457,27.3465,15.85,85,75,6.91
385,Ostrovnoy,RU,2022-01-05 20:39:46,68.0531,39.5131,2.12,91,99,13.44
386,Petropavlovka,RU,2022-01-05 20:39:46,50.6114,105.3196,-6.5,93,33,3.06
387,Ostersund,SE,2022-01-05 20:39:47,63.1792,14.6357,12.65,92,5,4.61
388,Rincon,US,2022-01-05 20:38:24,32.296,-81.2354,63.05,70,40,10.36
389,Oga,IT,2022-01-05 20:39:47,46.4631,10.347,24.96,91,100,10.16
390,Namibe,AO,2022-01-05 20:39:48,-15.1961,12.1522,68.79,86,44,3.47
391,Saint-Augustin,CA,2022-01-05 20:39:48,51.226,-58.6502,10.49,80,100,4.94
392,Saiha,IN,2022-01-05 20:39:49,22.4833,92.9667,51.31,58,0,3.76
393,Buriti Dos Lopes,BR,2022-01-05 20:39:49,-3.175,-41.8669,78.55,76,96,9.93
394,Gat,IL,2022-01-05 20:39:50,31.61,34.7642,57.4,100,0,1.03
395,Aguada De Pasajeros,CU,2022-01-05 20:39:50,22.385,-80.8508,82.54,57,77,4.88
396,Meadow Lake,US,2022-01-05 20:39:51,34.8014,-106.5436,54.48,26,0,6.58
397,Pemangkat,ID,2022-01-05 20:39:51,1.1667,108.9667,77.77,86,93,3.74
398,Lagos,NG,2022-01-05 20:39:33,6.5833,3.75,78.04,72,10,3.91
399,Krasnoselkup,RU,2022-01-05 20:35:12,65.7,82.4667,-9.31,97,100,12.53
400,Tuatapere,NZ,2022-01-05 20:39:52,-46.1333,167.6833,52.83,72,100,9.4
401,Te Anau,NZ,2022-01-05 20:39:53,-45.4167,167.7167,54.9,57,29,5.1
402,Shahrud,IR,2022-01-05 20:39:53,36.4182,54.9763,31.44,83,52,5.86
403,Aksum,ET,2022-01-05 20:39:54,14.1245,38.7244,58.17,47,70,2.3
404,Kaoma,ZM,2022-01-05 20:39:54,-14.7833,24.8,63.72,98,94,3.87
405,Hit,IQ,2022-01-05 20:39:54,33.6416,42.8251,48.31,67,0,3.09
406,Amapa,BR,2022-01-05 20:39:55,1.0,-52.0,74.91,98,100,3.83
407,Prince Rupert,CA,2022-01-05 20:39:55,54.3161,-130.3201,11.75,75,96,8.08
408,Yairipok,IN,2022-01-05 20:39:56,24.6667,94.0667,47.75,82,79,1.74
409,Constitucion,CL,2022-01-05 20:39:56,-35.3333,-72.4167,66.51,63,8,17.34
410,Saurimo,AO,2022-01-05 20:39:57,-9.6608,20.3916,63.84,96,99,2.04
411,Butembo,CD,2022-01-05 20:39:57,0.15,29.2833,57.79,80,79,3.06
412,Sitka,US,2022-01-05 20:39:58,57.0531,-135.33,19.29,63,1,0.0
413,Oyek,RU,2022-01-05 20:40:58,52.5861,104.4556,7.18,97,63,3.89
414,Esso,RU,2022-01-05 20:40:59,55.9333,158.7,6.48,96,47,4.65
415,Noumea,NC,2022-01-05 20:40:45,-22.2763,166.4572,80.01,99,96,11.41
416,Isangel,VU,2022-01-05 20:37:47,-19.55,169.2667,84.31,79,40,6.91
417,Plavsk,RU,2022-01-05 20:40:59,53.7094,37.2919,33.89,93,100,11.74
418,Ballina,AU,2022-01-05 20:40:59,-28.8667,153.5667,76.96,93,90,10.36
419,Ketchikan,US,2022-01-05 20:41:00,55.3422,-131.6461,21.18,62,1,0.0
420,Beyneu,KZ,2022-01-05 20:41:00,45.3167,55.2,30.74,88,99,11.5
421,Kayes,ML,2022-01-05 20:41:01,14.0,-11.0,79.43,15,10,6.78
422,Faya,SA,2022-01-05 20:41:01,18.3851,42.4509,53.71,77,82,2.26
423,Pulawy,PL,2022-01-05 20:41:02,51.4166,21.9694,36.95,78,99,12.53
424,Scotch Plains,US,2022-01-05 20:41:02,40.6554,-74.3899,48.47,88,75,1.01
425,Los Llanos De Aridane,ES,2022-01-05 20:41:02,28.6585,-17.9182,62.35,74,75,13.0
426,Laguna,US,2022-01-05 20:41:03,38.421,-121.4238,65.64,88,90,3.44
427,Shirokiy,RU,2022-01-05 20:41:03,49.758,129.523,-24.14,99,27,5.19
428,Quatre Cocos,MU,2022-01-05 20:41:04,-20.2078,57.7625,78.1,79,81,6.93
429,Novopokrovka,UA,2022-01-05 20:41:04,49.8425,36.5477,35.98,100,100,4.79
430,Rio Gallegos,AR,2022-01-05 20:40:58,-51.6226,-69.2181,55.45,82,90,20.71
431,Kununurra,AU,2022-01-05 20:41:04,-15.7667,128.7333,82.38,83,99,0.0
432,Aykhal,RU,2022-01-05 20:41:05,66.0,111.5,-13.59,100,100,9.75
433,Bossangoa,CF,2022-01-05 20:41:05,6.4926,17.4552,75.72,32,33,1.79
434,Berlevag,NO,2022-01-05 20:41:06,70.8578,29.0864,15.75,86,75,9.22
435,Lydenburg,ZA,2022-01-05 20:41:06,-25.0978,30.4597,61.27,81,90,0.89
436,Bose,IT,2022-01-05 20:41:07,45.4612,8.0137,42.24,35,60,8.34
437,Altar,MX,2022-01-05 20:41:07,30.7,-111.8167,67.84,17,0,7.23
438,Takoradi,GH,2022-01-05 20:41:07,4.8845,-1.7554,81.21,78,100,5.41
439,Byron Bay,AU,2022-01-05 20:41:08,-28.65,153.6167,76.95,92,48,12.62
440,Tilichiki,RU,2022-01-05 20:41:08,60.4667,166.1,0.28,97,67,8.57
441,Yoichi,JP,2022-01-05 20:41:08,43.2039,140.7703,14.22,74,80,5.93
442,Band,RO,2022-01-05 20:41:09,46.5833,24.3833,51.58,76,75,3.44
443,Pervomayskoye,RU,2022-01-05 20:41:09,43.919,46.7102,38.17,81,61,8.79
444,Abu Samrah,SY,2022-01-05 20:41:10,35.3029,37.1841,53.33,85,62,5.79
445,Tiszanana,HU,2022-01-05 20:41:10,47.5667,20.5333,44.62,80,94,14.41
446,Kargat,RU,2022-01-05 20:41:11,55.1956,80.2811,-7.11,100,58,6.93
447,Tautira,PF,2022-01-05 20:41:11,-17.7333,-149.15,86.02,74,76,4.21
448,Kodinsk,RU,2022-01-05 20:41:11,58.6881,99.1844,20.39,97,100,3.51
449,Pringsewu,ID,2022-01-05 20:41:12,-5.3582,104.9744,72.79,97,65,1.23
450,Pinili,PH,2022-01-05 20:41:12,17.9517,120.5278,71.96,78,85,4.18
451,Maryville,US,2022-01-05 20:39:05,35.7565,-83.9705,54.27,70,75,1.99
452,Russell,US,2022-01-05 20:37:50,32.3502,-85.1999,61.88,76,88,4.72
453,Port Hawkesbury,CA,2022-01-05 20:39:52,45.6169,-61.3485,40.59,88,100,7.0
454,Talnakh,RU,2022-01-05 20:41:13,69.4865,88.3972,-3.8,92,100,11.34
455,Yerbogachen,RU,2022-01-05 20:41:13,61.2767,108.0108,15.28,96,100,5.06
456,Kulhudhuffushi,MV,2022-01-05 20:41:14,6.6221,73.07,81.21,75,100,10.56
457,Mahibadhoo,MV,2022-01-05 20:41:14,3.7833,72.9667,81.79,79,93,15.14
458,Manzanillo,CU,2022-01-05 20:42:14,20.3433,-77.1167,81.81,48,0,13.49
459,Kusa,RU,2022-01-05 20:42:15,55.3383,59.4406,-7.98,98,61,2.57
460,Samarinda,ID,2022-01-05 20:42:15,-0.5,117.15,73.31,99,100,3.87
461,Dire Dawa,ET,2022-01-05 20:42:16,9.5931,41.8661,67.71,83,59,2.3
462,Rafai,CF,2022-01-05 20:42:16,4.95,23.9167,71.6,37,99,1.79
463,Vanavara,RU,2022-01-05 20:42:16,60.34,102.2797,18.34,96,100,6.11
464,Along,IN,2022-01-05 20:42:17,28.1667,94.7667,49.77,71,95,1.68
465,Great Falls,US,2022-01-05 20:37:52,47.5002,-111.3008,-6.32,65,90,1.01
466,Pontiac,US,2022-01-05 20:42:17,42.6389,-83.2911,25.81,74,90,12.66
467,Caborca,MX,2022-01-05 20:42:18,30.5838,-111.101,67.84,15,0,6.11
468,Palmares Do Sul,BR,2022-01-05 20:42:18,-30.2578,-50.5097,71.92,82,100,17.4
469,Shamkhal,RU,2022-01-05 20:42:18,43.0596,47.3373,35.58,86,45,6.93
470,Havelock,US,2022-01-05 20:41:41,34.8791,-76.9013,59.94,95,90,1.01
471,Nyurba,RU,2022-01-05 20:42:19,63.2842,118.3319,-20.45,97,100,6.15
472,Urumqi,CN,2022-01-05 20:42:19,43.801,87.6005,14.95,86,100,4.47
473,Bayan,CN,2022-01-05 20:42:20,46.0833,127.4,-6.29,99,89,5.06
474,Cabo Rojo,PR,2022-01-05 20:42:20,18.0866,-67.1457,82.9,78,75,8.19
475,Houma,US,2022-01-05 20:42:20,29.5958,-90.7195,69.01,64,90,6.91
476,Moerai,PF,2022-01-05 20:42:21,-22.4333,-151.3333,78.1,78,77,10.13
477,Svetlaya,RU,2022-01-05 20:42:21,46.5389,138.3297,5.58,64,5,5.1
478,Harindanga,IN,2022-01-05 20:42:21,22.0383,88.3214,58.98,34,0,5.75
479,Cherskiy,RU,2022-01-05 20:42:22,68.75,161.3,-13.58,100,100,3.18
480,Hastings,GB,2022-01-05 20:39:47,50.8552,0.5729,39.88,73,7,9.48
481,Ouallam,NE,2022-01-05 20:42:23,14.3188,2.0866,71.73,23,26,9.75
482,Fort Wellington,GY,2022-01-05 20:42:23,6.4,-57.6,78.73,73,98,8.5
483,Athabasca,CA,2022-01-05 20:42:23,54.7169,-113.2854,-15.05,91,93,3.71
484,Grindavik,IS,2022-01-05 20:42:24,63.8424,-22.4338,41.9,93,75,31.07
485,Grafton,US,2022-01-05 20:42:24,42.207,-71.6856,52.05,83,90,14.97
486,Jatiroto,ID,2022-01-05 20:42:25,-7.8833,111.1167,71.47,77,100,1.5
487,Gaziantep,TR,2022-01-05 20:42:25,37.0594,37.3825,47.55,93,75,0.0
488,Walvis Bay,NA,2022-01-05 20:42:25,-22.9575,14.5053,61.09,82,0,3.44
489,Bubaque,GW,2022-01-05 20:42:26,11.2833,-15.8333,79.88,71,38,11.27
490,George,ZA,2022-01-05 20:42:26,-33.963,22.4617,62.15,88,90,9.22
491,Hirara,JP,2022-01-05 20:42:27,24.8,125.2833,71.13,77,100,14.32
492,Leningradskiy,RU,2022-01-05 20:42:27,69.3833,178.4167,5.94,84,9,3.09
493,Sur,OM,2022-01-05 20:42:27,22.5667,59.5289,70.11,57,0,5.48
494,Alexandria,EG,2022-01-05 20:42:28,31.2156,29.9553,57.16,72,0,3.44
495,San Manuel Chaparron,GT,2022-01-05 20:42:28,14.5167,-89.7667,81.23,36,0,6.69
496,Ulaanbaatar,MN,2022-01-05 20:42:28,47.9077,106.8832,4.69,75,0,5.59
497,Tayga,RU,2022-01-05 20:42:29,56.06,85.6197,11.25,93,100,7.45
498,Parry Sound,CA,2022-01-05 20:38:55,45.3501,-80.033,35.22,98,100,7.76
499,Callaway,US,2022-01-05 20:42:29,30.153,-85.5699,68.99,52,20,1.99
500,Dingle,PH,2022-01-05 20:42:30,10.9995,122.6711,72.63,90,100,8.57
501,Aleksandrov Gay,RU,2022-01-05 20:40:52,50.147,48.5704,16.39,91,100,10.31
502,Sao Joao Da Barra,BR,2022-01-05 20:43:30,-21.6403,-41.0511,84.29,86,91,18.7
503,Aveiras De Cima,PT,2022-01-05 20:43:31,39.138,-8.8993,56.55,90,78,10.29
504,Pijijiapan,MX,2022-01-05 20:43:31,15.7011,-93.23,87.48,49,8,8.63
505,Jizan,SA,2022-01-05 20:43:32,17.3333,42.6667,76.14,68,53,3.4
506,Smolenka,RU,2022-01-05 20:43:33,52.1352,113.4974,-18.06,76,78,0.0
507,Thio,NC,2022-01-05 20:43:33,-21.6167,166.2167,73.36,85,100,11.36
508,Mezen,RU,2022-01-05 20:43:34,65.8522,44.24,2.1,94,100,9.24
509,Hovd,MN,2022-01-05 20:43:34,48.0056,91.6419,2.19,77,97,2.06
510,Lixourion,GR,2022-01-05 20:43:35,38.2019,20.4314,58.14,90,21,14.99
511,Havre-Saint-Pierre,CA,2022-01-05 20:43:35,50.2334,-63.5986,14.54,93,100,9.55
512,Tailai,CN,2022-01-05 20:43:36,46.3833,123.4,-7.65,92,6,5.28
513,Cabo San Lucas,MX,2022-01-05 20:40:51,22.8909,-109.9124,80.51,46,1,4.61
514,Okmulgee,US,2022-01-05 20:40:45,35.6234,-95.9605,42.91,39,1,12.66
515,Lavrentiya,RU,2022-01-05 20:43:37,65.5833,-171.0,12.83,49,31,4.79
516,Mitu,CO,2022-01-05 20:41:26,1.1983,-70.1733,88.97,44,70,2.24
517,Promyshlennaya,RU,2022-01-05 20:43:37,54.9159,85.6385,14.95,91,100,6.91
518,Rabat,MA,2022-01-05 20:43:38,33.9911,-6.8401,53.15,91,40,0.0
519,Nantucket,US,2022-01-05 20:43:38,41.2835,-70.0995,53.71,81,75,21.85
520,Egvekinot,RU,2022-01-05 20:43:38,66.3167,-179.1667,17.13,68,90,3.74
521,High Rock,BS,2022-01-05 20:43:39,26.6208,-78.2833,77.02,65,0,5.35
522,Pisz,PL,2022-01-05 20:40:53,53.6274,21.8125,35.85,84,86,12.95
523,Porto Velho,BR,2022-01-05 20:43:39,-8.7619,-63.9039,75.25,94,75,6.91
524,Alamos,MX,2022-01-05 20:43:40,27.0167,-108.9333,69.71,18,14,4.61
525,Yabrud,SY,2022-01-05 20:43:41,33.9674,36.6574,37.06,86,1,4.83
526,Diffa,NE,2022-01-05 20:43:41,13.3154,12.6113,69.13,25,93,6.17
527,Paramonga,PE,2022-01-05 20:43:41,-10.6667,-77.8333,73.31,76,34,9.44
528,Saint-Francois,FR,2022-01-05 20:43:42,46.4154,3.9054,34.68,89,40,6.91
529,Yeppoon,AU,2022-01-05 20:43:42,-23.1333,150.7333,76.78,72,4,8.1
530,Denpasar,ID,2022-01-05 20:43:42,-8.65,115.2167,78.46,88,40,10.36
531,Chumikan,RU,2022-01-05 20:43:43,54.7183,135.315,-15.38,84,2,19.22
532,Sao Bento Do Sul,BR,2022-01-05 20:43:43,-26.2503,-49.3786,71.24,93,87,4.12
533,Minsk,BY,2022-01-05 20:43:43,53.9,27.5667,31.75,99,100,4.5
534,Cayenne,GF,2022-01-05 20:43:44,4.9333,-52.3333,80.64,86,75,4.61
535,Navrongo,GH,2022-01-05 20:43:44,10.8956,-1.0921,78.46,19,93,8.05
536,Sretensk,RU,2022-01-05 20:43:45,52.2453,117.7093,-18.87,99,45,1.43
537,Vestmannaeyjar,IS,2022-01-05 20:43:45,63.4427,-20.2734,42.64,90,100,49.19
538,Topolobampo,MX,2022-01-05 20:43:45,25.6,-109.05,78.06,35,0,16.75
539,Alcala De Henares,ES,2022-01-05 20:43:45,40.4821,-3.36,43.25,93,75,2.3
540,Ushibuka,JP,2022-01-05 20:43:46,32.1906,130.0228,49.78,89,100,9.95
541,Marsh Harbour,BS,2022-01-05 20:43:46,26.5412,-77.0636,74.08,68,5,5.66
542,Saint-Joseph,RE,2022-01-05 20:43:47,-21.3667,55.6167,77.38,82,100,7.9
543,Jardim,BR,2022-01-05 20:43:47,-21.4803,-56.1381,83.86,58,79,13.96
544,Gerardmer,FR,2022-01-05 20:43:47,48.0735,6.8779,34.0,96,100,2.13
545,Den Helder,NL,2022-01-05 20:43:48,52.9599,4.7593,44.58,72,9,17.0
546,Shieli,KZ,2022-01-05 20:43:48,44.1667,66.75,32.74,69,100,2.42
547,Torres,BR,2022-01-05 20:43:49,-29.3353,-49.7269,75.83,92,90,13.18
548,Karratha,AU,2022-01-05 20:43:49,-20.7377,116.8463,83.93,72,56,4.52
549,Kavieng,PG,2022-01-05 20:44:50,-2.5744,150.7967,82.22,77,99,13.29
550,Kantabanji,IN,2022-01-05 20:44:50,20.4833,82.9167,62.06,52,3,0.47
551,Lac Du Bonnet,CA,2022-01-05 20:44:51,50.2536,-96.0612,-4.11,88,100,8.19
552,Itacare,BR,2022-01-05 20:44:29,-14.2775,-38.9967,84.09,79,77,6.67
553,Ahmadpur Sial,PK,2022-01-05 20:44:51,30.6754,71.7483,49.87,86,0,6.22
554,Acapulco,MX,2022-01-05 20:43:34,16.8634,-99.8901,84.02,74,1,8.05
555,Sal Rei,CV,2022-01-05 20:44:52,16.1833,-22.9167,73.96,74,89,15.05
556,Opuwo,NA,2022-01-05 20:44:52,-18.0607,13.84,69.53,33,80,7.65
557,Mayumba,GA,2022-01-05 20:44:52,-3.432,10.6554,77.92,92,100,6.06
558,Margate,GB,2022-01-05 20:44:53,51.3813,1.3862,40.69,75,97,5.01
559,Waingapu,ID,2022-01-05 20:44:53,-9.6567,120.2641,76.75,83,100,4.09
